"","x"
"AV18_S1_R1_001_cutadapt_bowtie2_sort.bam.AD",4
"AV21_S16_R1_001_cutadapt_bowtie2_sort.bam.AD",4
"AV22_S46_R1_001_cutadapt_bowtie2_sort.bam.AD",5
"AV27_S28_R1_001_cutadapt_bowtie2_sort.bam.AD",5
"AV2_S34_R1_001_cutadapt_bowtie2_sort.bam.AD",4
"AV33_S5_R1_001_cutadapt_bowtie2_sort.bam.AD",4
"AV48_S6_R1_001_cutadapt_bowtie2_sort.bam.AD",4
"AV53_S43_R1_001_cutadapt_bowtie2_sort.bam.AD",4
"AV54_S8_R1_001_cutadapt_bowtie2_sort.bam.AD",4
"AV56_S29_R1_001_cutadapt_bowtie2_sort.bam.AD",4
"AV5_S22_R1_001_cutadapt_bowtie2_sort.bam.AD",5
"AV9_S40_R1_001_cutadapt_bowtie2_sort.bam.AD",4
"AV_10_S80_R1_001_cutadapt_bowtie2_sort.bam.AD",4
"AV_11_S5_R1_001_cutadapt_bowtie2_sort.bam.AD",4
"AV_12_S62_R1_001_cutadapt_bowtie2_sort.bam.AD",3
"AV_13_S57_R1_001_cutadapt_bowtie2_sort.bam.AD",3
"AV_15_S45_R1_001_cutadapt_bowtie2_sort.bam.AD",4
"AV_16_S91_R1_001_cutadapt_bowtie2_sort.bam.AD",4
"AV_17_S49_R1_001_cutadapt_bowtie2_sort.bam.AD",5
"AV_19_S35_R1_001_cutadapt_bowtie2_sort.bam.AD",4
"AV_1_S46_R1_001_cutadapt_bowtie2_sort.bam.AD",3
"AV_20_S1_R1_001_cutadapt_bowtie2_sort.bam.AD",4
"AV_23_S56_R1_001_cutadapt_bowtie2_sort.bam.AD",4
"AV_24_S14_R1_001_cutadapt_bowtie2_sort.bam.AD",5
"AV_25_S75_R1_001_cutadapt_bowtie2_sort.bam.AD",3
"AV_26_S11_R1_001_cutadapt_bowtie2_sort.bam.AD",3
"AV_29_S63_R1_001_cutadapt_bowtie2_sort.bam.AD",2
"AV_32_S51_R1_001_cutadapt_bowtie2_sort.bam.AD",4
"AV_35_S45_R1_001_cutadapt_bowtie2_sort.bam.AD",4
"AV_37_S26_R1_001_cutadapt_bowtie2_sort.bam.AD",4
"AV_38_S92_R1_001_cutadapt_bowtie2_sort.bam.AD",5
"AV_39_S74_R1_001_cutadapt_bowtie2_sort.bam.AD",4
"AV_3_S85_R1_001_cutadapt_bowtie2_sort.bam.AD",4
"AV_40_S15_R1_001_cutadapt_bowtie2_sort.bam.AD",4
"AV_42_S70_R1_001_cutadapt_bowtie2_sort.bam.AD",4
"AV_49_S36_R1_001_cutadapt_bowtie2_sort.bam.AD",4
"AV_4_S69_R1_001_cutadapt_bowtie2_sort.bam.AD",4
"AV_50_S23_R1_001_cutadapt_bowtie2_sort.bam.AD",4
"AV_51_S64_R1_001_cutadapt_bowtie2_sort.bam.AD",5
"AV_55_S37_R1_001_cutadapt_bowtie2_sort.bam.AD",2
"AV_57_S43_R1_001_cutadapt_bowtie2_sort.bam.AD",5
"AV_58_S25_R1_001_cutadapt_bowtie2_sort.bam.AD",4
"AV_60_S7_R1_001_cutadapt_bowtie2_sort.bam.AD",4
"AV_61_S59_R1_001_cutadapt_bowtie2_sort.bam.AD",4
"AV_62_S50_R1_001_cutadapt_bowtie2_sort.bam.AD",4
"AV_64_S59_R1_001_cutadapt_bowtie2_sort.bam.AD",4
"AV_65_S38_R1_001_cutadapt_bowtie2_sort.bam.AD",3
"AV_66_S16_R1_001_cutadapt_bowtie2_sort.bam.AD",4
"AV_67_S5_R1_001_cutadapt_bowtie2_sort.bam.AD",4
"AV_68_S22_R1_001_cutadapt_bowtie2_sort.bam.AD",3
"AV_7_S79_R1_001_cutadapt_bowtie2_sort.bam.AD",4
"AV_8_S86_R1_001_cutadapt_bowtie2_sort.bam.AD",4
"BAO002_S54_R1_001_cutadapt_bowtie2.bam.AD",4
"BAO004_S66_R1_001_cutadapt_bowtie2_bowtie2_sort_marked.bam.AD",4
"BAO005_S72_R1_001_cutadapt_bowtie2_sort.bam.AD",4
"BAO006_S78_R1_001_cutadapt_bowtie2_bowtie2_sort_marked.bam.AD",3
"BAO007_S84_R1_001_cutadapt_bowtie2_sort.bam.AD",4
"BAO008_S90_R1_001_cutadapt_bowtie2_sort.bam.AD",4
"BAO009_S49_R1_001_cutadapt_bowtie2_sort.bam.AD",4
"BAO010_S55_R1_001_cutadapt_bowtie2_bowtie2_sort_marked.bam.AD",1
"BAO011_S61_R1_001_cutadapt_bowtie2.bam.AD",3
"BAO012_S67_R1_001_cutadapt_bowtie2_sort.bam.AD",5
"BAO013_S73_R1_001_cutadapt_bowtie2_sort.bam.AD",4
"BAO014_S79_R1_001_cutadapt_bowtie2_sort.bam.AD",4
"BAO015_S85_R1_001.fastq_cutadapt_bowtie2_bowtie2_sort_marked.bam.AD",5
"BAO017_S50_R1_001_cutadapt_bowtie2_sort.bam.AD",4
"BAO018_S56_R1_001_cutadapt_bowtie2_sort.bam.AD",4
"BAO019_S62_R1_001_cutadapt_bowtie2_sort.bam.AD",3
"BAO020_S68_R1_001_cutadapt_bowtie2_sort.bam.AD",5
"BAO021_S74_R1_001_cutadapt_bowtie2_sort.bam.AD",3
"BAO022_S80_R1_001_cutadapt_bowtie2_sort.bam.AD",4
"BAO023_S86_R1_001_cutadapt_bowtie2_sort.bam.AD",4
"BAO024_S92_R1_001_cutadapt_bowtie2_sort.bam.AD",4
"BAO025_S51_R1_001_cutadapt_bowtie2_sort.bam.AD",4
"BAO026_S57_R1_001_cutadapt_bowtie2_sort.bam.AD",3
"BAO027_S63_R1_001_cutadapt_bowtie2_sort.bam.AD",4
"BAO028_S69_R1_001_cutadapt_bowtie2_sort.bam.AD",4
"BAO029_S75_R1_001_cutadapt_bowtie2_bowtie2_sort_marked.bam.AD",4
"BAO030_S81_R1_001_cutadapt_bowtie2_sort.bam.AD",3
"BAO031_S87_R1_001_cutadapt_bowtie2_sort.bam.AD",4
"BAO032_S93_R1_001_cutadapt_bowtie2_sort.bam.AD",5
"BAO033_S52_R1_001_cutadapt_bowtie2_sort.bam.AD",4
"BAO034_S58_R1_001.fastq_cutadapt_bowtie2_bowtie2_sort_marked.bam.AD",4
"BAO035_S64_R1_001_cutadapt_bowtie2_sort.bam.AD",5
"BAO036_S70_R1_001_cutadapt_bowtie2_sort.bam.AD",4
"BAO037_S76_R1_001_cutadapt_bowtie2_sort.bam.AD",3
"BAO038_S82_R1_001_cutadapt_bowtie2_sort.bam.AD",4
"BAO039_S88_R1_001_cutadapt_bowtie2_sort.bam.AD",4
"BAO040_S94_R1_001_cutadapt_bowtie2_sort.bam.AD",3
"BAO041_S53_R1_001_cutadapt_bowtie2_sort.bam.AD",3
"BAO042_S59_R1_001_cutadapt_bowtie2_sort.bam.AD",3
"BAO043_S65_R1_001_cutadapt_bowtie2_sort.bam.AD",3
"BAO044_S71_R1_001_cutadapt_bowtie2_sort.bam.AD",5
"BAO045_S77_R1_001_cutadapt_bowtie2_sort.bam.AD",4
"BAO046_S83_R1_001_cutadapt_bowtie2_sort.bam.AD",5
"BAO047_S89_R1_001.fastq_cutadapt_bowtie2_bowtie2_sort_marked.bam.AD",4
"BAO048_S95_R1_001_cutadapt_bowtie2_sort.bam.AD",4
"BAO_049_S48_R1_001_cutadapt_bowtie2_sort.bam.AD",4
"BAO_050_S54_R1_001_cutadapt_bowtie2_sort.bam.AD",2
"BAO_051_S60_R1_001_cutadapt_bowtie2_sort.bam.AD",5
"BAO_052_S66_R1_001_cutadapt_bowtie2_sort.bam.AD",4
"BAO_053_S72_R1_001_cutadapt_bowtie2_sort.bam.AD",4
"BAO_054_S78_R1_001_cutadapt_bowtie2_sort.bam.AD",4
"BAO_056_S89_R1_001_cutadapt_bowtie2_sort.bam.AD",4
"BAO_057_S49_R1_001_cutadapt_bowtie2_sort.bam.AD",4
"BAO_058_S55_R1_001_cutadapt_bowtie2_sort.bam.AD",5
"BAO_059_S61_R1_001_cutadapt_bowtie2_sort.bam.AD",6
"BAO_061_S67_R1_001_cutadapt_bowtie2_sort.bam.AD",3
"BAO_062_S73_R1_001_cutadapt_bowtie2_sort.bam.AD",4
"BAO_063_S79_R1_001_cutadapt_bowtie2_sort.bam.AD",4
"BAO_064_S85_R1_001_cutadapt_bowtie2_sort.bam.AD",4
"BAO_065_S90_R1_001_cutadapt_bowtie2_sort.bam.AD",4
"BAO_066_S50_R1_001_cutadapt_bowtie2_sort.bam.AD",4
"BAO_067_S56_R1_001_cutadapt_bowtie2_sort.bam.AD",4
"BAO_068_S62_R1_001_cutadapt_bowtie2_sort.bam.AD",3
"BAO_069_S68_R1_001_cutadapt_bowtie2_sort.bam.AD",5
"BAO_070_S74_R1_001_cutadapt_bowtie2_sort.bam.AD",5
"BAO_071_S80_R1_001_cutadapt_bowtie2_sort.bam.AD",3
"BAO_072_S86_R1_001_cutadapt_bowtie2_sort.bam.AD",4
"BAO_073_S91_R1_001_cutadapt_bowtie2_sort.bam.AD",3
"BAO_074_S51_R1_001_cutadapt_bowtie2_sort.bam.AD",4
"BAO_075_S57_R1_001_cutadapt_bowtie2_sort.bam.AD",4
"BAO_076_S63_R1_001_cutadapt_bowtie2_sort.bam.AD",5
"BAO_077_S69_R1_001_cutadapt_bowtie2_bowtie2_sort_marked.bam.AD",3
"BAO_078_S75_R1_001_cutadapt_bowtie2_bowtie2_sort_marked.bam.AD",4
"BAO_079_S81_R1_001_cutadapt_bowtie2_bowtie2_sort_marked.bam.AD",4
"BAO_080_S87_R1_001_cutadapt_bowtie2_bowtie2_sort_marked.bam.AD",4
"BAO_081_S92_R1_001_cutadapt_bowtie2_bowtie2_sort_marked.bam.AD",4
"BAO_082_S52_R1_001.fastq_cutadapt_bowtie2_bowtie2_sort_marked.bam.AD",5
"BAO_083_S58_R1_001_cutadapt_bowtie2_sort.bam.AD",3
"BAO_084_S64_R1_001_cutadapt_bowtie2_sort.bam.AD",3
"BAO_085_S70_R1_001_cutadapt_bowtie2_sort.bam.AD",4
"BAO_086_S76_R1_001_cutadapt_bowtie2_sort.bam.AD",4
"BAO_087_S82_R1_001_cutadapt_bowtie2_sort.bam.AD",5
"BAO_088_S88_R1_001_cutadapt_bowtie2_sort.bam.AD",4
"BAO_089_S93_R1_001_cutadapt_bowtie2_sort.bam.AD",5
"BAO_090_S53_R1_001_cutadapt_bowtie2_sort.bam.AD",4
"BAO_091_S59_R1_001_cutadapt_bowtie2_sort.bam.AD",3
"BAO_092_S65_R1_001_cutadapt_bowtie2_sort.bam.AD",4
"BAO_093_S71_R1_001_cutadapt_bowtie2_sort.bam.AD",4
"BAO_094_S77_R1_001_cutadapt_bowtie2_sort.bam.AD",4
"BAO_095_S83_R1_001_cutadapt_bowtie2_sort.bam.AD",3
"BAO_096_S1_R1_001_cutadapt_bowtie2_sort.bam.AD",4
"BAO_098_S13_R1_001_cutadapt_bowtie2_sort.bam.AD",3
"BAO_100_S25_R1_001_cutadapt_bowtie2_sort.bam.AD",3
"BAO_101_S31_R1_001_cutadapt_bowtie2_sort.bam.AD",4
"BAO_102_S37_R1_001_cutadapt_bowtie2_sort.bam.AD",5
"BAO_103_S43_R1_001_cutadapt_bowtie2_sort.bam.AD",5
"BAO_104_S2_R1_001_cutadapt_bowtie2_sort.bam.AD",4
"BAO_105_S8_R1_001_cutadapt_bowtie2_sort.bam.AD",5
"BAO_106_S14_R1_001_cutadapt_bowtie2_sort.bam.AD",4
"BAO_107_S20_R1_001_cutadapt_bowtie2_sort.bam.AD",4
"BAO_108_S26_R1_001_cutadapt_bowtie2_sort.bam.AD",3
"BAO_109_S32_R1_001_cutadapt_bowtie2_sort.bam.AD",6
"BAO_110_S38_R1_001_cutadapt_bowtie2.bam.AD",3
"BAO_111_S44_R1_001_cutadapt_bowtie2_sort.bam.AD",5
"BAO_112_S3_R1_001_cutadapt_bowtie2_sort.bam.AD",3
"BAO_113_S9_R1_001_cutadapt_bowtie2_sort.bam.AD",3
"BAO_114_S15_R1_001_cutadapt_bowtie2_sort.bam.AD",4
"BAO_115_S21_R1_001_cutadapt_bowtie2.bam.AD",3
"BAO_116_S27_R1_001_cutadapt_bowtie2_sort.bam.AD",4
"BAO_117_S33_R1_001_cutadapt_bowtie2_sort.bam.AD",4
"BAO_118_S39_R1_001_cutadapt_bowtie2_sort.bam.AD",4
"BAO_119_S45_R1_001_cutadapt_bowtie2_sort.bam.AD",5
"BAO_120_S4_R1_001_cutadapt_bowtie2_sort.bam.AD",3
"BAO_121_S10_R1_001_cutadapt_bowtie2_sort.bam.AD",4
"BAO_122_S16_R1_001_cutadapt_bowtie2_sort.bam.AD",4
"BAO_123_S22_R1_001_cutadapt_bowtie2_sort.bam.AD",4
"BAO_124_S28_R1_001_cutadapt_bowtie2_sort.bam.AD",4
"BAO_125_S34_R1_001_cutadapt_bowtie2.bam.AD",3
"BAO_126_S40_R1_001_cutadapt_bowtie2.bam.AD",3
"BAO_127_S46_R1_001_cutadapt_bowtie2.bam.AD",5
"BAO_128_S5_R1_001_cutadapt_bowtie2.bam.AD",4
"BAO_129_S11_R1_001_cutadapt_bowtie2.bam.AD",4
"BAO_130_S17_R1_001_cutadapt_bowtie2.bam.AD",4
"BAO_131_S23_R1_001_cutadapt_bowtie2_sort.bam.AD",5
"BAO_132_S29_R1_001_cutadapt_bowtie2.bam.AD",4
"BAO_133_S35_R1_001_cutadapt_bowtie2.bam.AD",4
"BAO_134_S41_R1_001_cutadapt_bowtie2_sort.bam.AD",4
"BAO_135_S47_R1_001_cutadapt_bowtie2_sort.bam.AD",4
"BAO_136_S6_R1_001_cutadapt_bowtie2_sort.bam.AD",5
"BAO_137_S12_R1_001_cutadapt_bowtie2_sort.bam.AD",3
"BAO_138_S18_R1_001_cutadapt_bowtie2_sort.bam.AD",3
"BAO_139_S24_R1_001_cutadapt_bowtie2_sort.bam.AD",5
"BAO_140_S30_R1_001_cutadapt_bowtie2_sort.bam.AD",4
"BAO_141_S36_R1_001_cutadapt_bowtie2_sort.bam.AD",4
"BAO_142_S42_R1_001_cutadapt_bowtie2_sort.bam.AD",3
"BAO_143_S48_R1_001_cutadapt_bowtie2_sort.bam.AD",3
"BAO_144_S49_R1_001_cutadapt_bowtie2_sort.bam.AD",5
"BAO_145_S55_R1_001_cutadapt_bowtie2_sort.bam.AD",4
"BAO_146_S61_R1_001_cutadapt_bowtie2_sort.bam.AD",4
"BAO_147_S67_R1_001_cutadapt_bowtie2_sort.bam.AD",4
"BAO_148_S73_R1_001_cutadapt_bowtie2_sort.bam.AD",4
"BAO_149_S79_R1_001_cutadapt_bowtie2_sort.bam.AD",5
"BAO_150_S85_R1_001_cutadapt_bowtie2.bam.AD",3
"BAO_151_S91_R1_001_cutadapt_bowtie2.bam.AD",4
"BAO_152_S50_R1_001_cutadapt_bowtie2.bam.AD",4
"BAO_153_S56_R1_001_cutadapt_bowtie2.bam.AD",4
"BAO_154_S62_R1_001_cutadapt_bowtie2.bam.AD",4
"BAO_155_S68_R1_001_cutadapt_bowtie2.bam.AD",3
"BAO_156_S74_R1_001_cutadapt_bowtie2.bam.AD",4
"BAO_157_S80_R1_001_cutadapt_bowtie2.bam.AD",5
"BAO_158_S86_R1_001_cutadapt_bowtie2.bam.AD",4
"BAO_159_S92_R1_001_cutadapt_bowtie2.bam.AD",3
"BAO_160_S51_R1_001_cutadapt_bowtie2_sort.bam.AD",3
"BAO_161_S57_R1_001_cutadapt_bowtie2_sort.bam.AD",4
"BAO_162_S63_R1_001_cutadapt_bowtie2_sort.bam.AD",4
"BAO_163_S69_R1_001_cutadapt_bowtie2_sort.bam.AD",4
"BAO_164_S75_R1_001_cutadapt_bowtie2_sort.bam.AD",4
"BAO_165_S81_R1_001_cutadapt_bowtie2_sort.bam.AD",3
"BAO_166_S87_R1_001_cutadapt_bowtie2_sort.bam.AD",4
"BAO_167_S93_R1_001_cutadapt_bowtie2_sort.bam.AD",4
"BAO_168_S52_R1_001_cutadapt_bowtie2_sort.bam.AD",4
"BAO_169_S58_R1_001_cutadapt_bowtie2.bam.AD",5
"BAO_170_S64_R1_001_cutadapt_bowtie2.bam.AD",5
"BAO_171_S70_R1_001_cutadapt_bowtie2_sort.bam.AD",4
"BAO_172_S76_R1_001_cutadapt_bowtie2_sort.bam.AD",5
"BAO_173_S82_R1_001_cutadapt_bowtie2_sort.bam.AD",4
"BAO_174_S88_R1_001_cutadapt_bowtie2_sort.bam.AD",4
"BAO_175_S94_R1_001_cutadapt_bowtie2_sort.bam.AD",5
"BAO_176_S53_R1_001_cutadapt_bowtie2_sort.bam.AD",4
"BAO_177_S59_R1_001_cutadapt_bowtie2_sort.bam.AD",4
"BAO_178_S65_R1_001_cutadapt_bowtie2_sort.bam.AD",4
"BAO_179_S71_R1_001_cutadapt_bowtie2_sort.bam.AD",4
"BAO_180_S77_R1_001_cutadapt_bowtie2_sort.bam.AD",4
"BAO_181_S83_R1_001_cutadapt_bowtie2_sort.bam.AD",3
"BAO_182_S89_R1_001_cutadapt_bowtie2_sort.bam.AD",3
"BAO_183_S95_R1_001_cutadapt_bowtie2_sort.bam.AD",3
"BAO_184_S54_R1_001_cutadapt_bowtie2_sort.bam.AD",4
"BAO_185_S60_R1_001_cutadapt_bowtie2_sort.bam.AD",4
"BAO_186_S90_R1_001_cutadapt_bowtie2_sort.bam.AD",4
"BAO_187_S96_R1_001_cutadapt_bowtie2_sort.bam.AD",5
"BAO_188_S78_R1_001_cutadapt_bowtie2_sort.bam.AD",3
"BAO_189_S84_R1_001_cutadapt_bowtie2_sort.bam.AD",5
"BAO_191_S7_R1_001_cutadapt_bowtie2_sort.bam.AD",5
"BAO_192_S13_R1_001_cutadapt_bowtie2_sort.bam.AD",5
"BAO_194_S25_R1_001_cutadapt_bowtie2_sort.bam.AD",4
"BAO_195_S31_R1_001_cutadapt_bowtie2_sort.bam.AD",4
"BAO_196_S37_R1_001_cutadapt_bowtie2_sort.bam.AD",3
"BAO_197_S43_R1_001_cutadapt_bowtie2_sort.bam.AD",4
"BAO_198_S2_R1_001_cutadapt_bowtie2.bam.AD",4
"BAO_199_S8_R1_001_cutadapt_bowtie2.bam.AD",2
"BAO_200_S14_R1_001_cutadapt_bowtie2_sort.bam.AD",4
"BAO_202_S26_R1_001_cutadapt_bowtie2_sort.bam.AD",4
"BAO_203_S32_R1_001_cutadapt_bowtie2_sort.bam.AD",5
"BAO_204_S38_R1_001_cutadapt_bowtie2_sort.bam.AD",3
"BAO_206_S3_R1_001_cutadapt_bowtie2_sort.bam.AD",4
"BAO_207_S9_R1_001_cutadapt_bowtie2_sort.bam.AD",3
"BAO_208_S15_R1_001_cutadapt_bowtie2_sort.bam.AD",4
"BAO_209_S21_R1_001_cutadapt_bowtie2_sort.bam.AD",5
"BAO_210_S27_R1_001_cutadapt_bowtie2_sort.bam.AD",5
"BAO_211_S33_R1_001_cutadapt_bowtie2_sort.bam.AD",3
"BAO_212_S39_R1_001_cutadapt_bowtie2_sort.bam.AD",5
"BAO_213_S45_R1_001_cutadapt_bowtie2_sort.bam.AD",4
"BAO_214_S4_R1_001_cutadapt_bowtie2_sort.bam.AD",4
"BAO_215_S10_R1_001_cutadapt_bowtie2_sort.bam.AD",4
"BAO_216_S16_R1_001_cutadapt_bowtie2_sort.bam.AD",4
"BAO_217_S22_R1_001_cutadapt_bowtie2_sort.bam.AD",5
"BAO_218_S28_R1_001_cutadapt_bowtie2_sort.bam.AD",5
"BAO_219_S34_R1_001_cutadapt_bowtie2_sort.bam.AD",4
"BAO_220_S40_R1_001_cutadapt_bowtie2_sort.bam.AD",3
"BAO_221_S46_R1_001_cutadapt_bowtie2_sort.bam.AD",4
"BAO_222_S5_R1_001_cutadapt_bowtie2_sort.bam.AD",4
"BAO_223_S11_R1_001_cutadapt_bowtie2_sort.bam.AD",4
"BAO_224_S17_R1_001_cutadapt_bowtie2_sort.bam.AD",4
"BAO_225_S23_R1_001_cutadapt_bowtie2_sort.bam.AD",3
"BAO_226_S29_R1_001_cutadapt_bowtie2_sort.bam.AD",4
"BAO_227_S35_R1_001_cutadapt_bowtie2_sort.bam.AD",4
"BAO_228_S41_R1_001_cutadapt_bowtie2_sort.bam.AD",4
"BAO_229_S47_R1_001_cutadapt_bowtie2_sort.bam.AD",5
"BAO_230_S6_R1_001_cutadapt_bowtie2_sort.bam.AD",4
"BAO_231_S12_R1_001_cutadapt_bowtie2_sort.bam.AD",4
"BAO_232_S18_R1_001_cutadapt_bowtie2_sort.bam.AD",3
"BAO_233_S24_R1_001_cutadapt_bowtie2_sort.bam.AD",4
"BAO_234_S30_R1_001_cutadapt_bowtie2_sort.bam.AD",4
"BAO_235_S36_R1_001_cutadapt_bowtie2_sort.bam.AD",3
"BAO_236_S42_R1_001_cutadapt_bowtie2_sort.bam.AD",4
"BAO_237_S48_R1_001_cutadapt_bowtie2_sort.bam.AD",3
"BAO_238_S49_R1_001_cutadapt_bowtie2_sort.bam.AD",3
"BAO_240_S61_R1_001_cutadapt_bowtie2_sort.bam.AD",5
"BAO_241_S67_R1_001_cutadapt_bowtie2_sort.bam.AD",3
"BAO_242_S73_R1_001_cutadapt_bowtie2_sort.bam.AD",4
"BAO_243_S79_R1_001_cutadapt_bowtie2_sort.bam.AD",4
"BAO_244_S85_R1_001_cutadapt_bowtie2_sort.bam.AD",4
"BAO_245_S91_R1_001_cutadapt_bowtie2_sort.bam.AD",4
"BAO_246_S50_R1_001_cutadapt_bowtie2_sort.bam.AD",5
"BAO_247_S56_R1_001_cutadapt_bowtie2_sort.bam.AD",5
"BAO_248_S62_R1_001_cutadapt_bowtie2_sort.bam.AD",4
"BAO_249_S68_R1_001_cutadapt_bowtie2_sort.bam.AD",3
"BAO_250_S74_R1_001_cutadapt_bowtie2_sort.bam.AD",3
"BAO_251_S80_R1_001_cutadapt_bowtie2_sort.bam.AD",3
"BAO_252_S86_R1_001_cutadapt_bowtie2_sort.bam.AD",3
"BAO_253_S92_R1_001_cutadapt_bowtie2_sort.bam.AD",3
"BAO_254_S51_R1_001_cutadapt_bowtie2_sort.bam.AD",4
"BAO_255_S57_R1_001_cutadapt_bowtie2_sort.bam.AD",3
"BAO_256_S63_R1_001_cutadapt_bowtie2_sort.bam.AD",3
"BAO_257_S69_R1_001_cutadapt_bowtie2_sort.bam.AD",3
"BAO_258_S75_R1_001_cutadapt_bowtie2_sort.bam.AD",4
"BAO_259_S81_R1_001_cutadapt_bowtie2_sort.bam.AD",4
"BAO_260_S87_R1_001_cutadapt_bowtie2_sort.bam.AD",5
"BAO_261_S93_R1_001_cutadapt_bowtie2_sort.bam.AD",3
"BAO_262_S52_R1_001_cutadapt_bowtie2_sort.bam.AD",4
"BAO_263_S58_R1_001_cutadapt_bowtie2_sort.bam.AD",5
"BAO_264_S64_R1_001_cutadapt_bowtie2_sort.bam.AD",4
"BAO_265_S70_R1_001_cutadapt_bowtie2_sort.bam.AD",4
"BAO_266_S76_R1_001_cutadapt_bowtie2_sort.bam.AD",3
"BAO_267_S82_R1_001_cutadapt_bowtie2_sort.bam.AD",5
"BAO_269_S94_R1_001_cutadapt_bowtie2_sort.bam.AD",4
"BAO_270_S53_R1_001_cutadapt_bowtie2_sort.bam.AD",4
"BAO_271_S59_R1_001_cutadapt_bowtie2_sort.bam.AD",4
"BAO_272_S65_R1_001_cutadapt_bowtie2.bam.AD",4
"BAO_273_S71_R1_001_cutadapt_bowtie2.bam.AD",4
"BAO_274_S77_R1_001_cutadapt_bowtie2_sort.bam.AD",4
"BAO_275_S83_R1_001_cutadapt_bowtie2_sort.bam.AD",4
"BAO_276_S89_R1_001_cutadapt_bowtie2_sort.bam.AD",4
"BAO_277_S95_R1_001_cutadapt_bowtie2_sort.bam.AD",5
"BAO_278_S54_R1_001_cutadapt_bowtie2_sort.bam.AD",3
"BAO_279_S60_R1_001_cutadapt_bowtie2_sort.bam.AD",5
"BAO_280_S66_R1_001_cutadapt_bowtie2_sort.bam.AD",4
"BAO_281_S72_R1_001_cutadapt_bowtie2_sort.bam.AD",5
"BAO_282_S90_R1_001_cutadapt_bowtie2_sort.bam.AD",4
"BAO_283_S96_R1_001_cutadapt_bowtie2.bam.AD",4
"BAO_284_S1_R1_001_cutadapt_bowtie2_sorted.bam.AD",4
"BAO_285_S88_R1_001_cutadapt_bowtie2_sorted.bam.AD",4
"BAO_286_S94_R1_001_cutadapt_bowtie2_sorted.bam.AD",4
"BAO_287_S19_R1_001_cutadapt_bowtie2_sorted.bam.AD",5
"BAO_288_S25_R1_001_cutadapt_bowtie2_sorted.bam.AD",4
"BAO_289_S31_R1_001_cutadapt_bowtie2_sorted.bam.AD",5
"BAO_290_S37_R1_001_cutadapt_bowtie2_sort.bam.AD",4
"BAO_291_S43_R1_001_cutadapt_bowtie2_sort.bam.AD",4
"BAO_292_S2_R1_001_cutadapt_bowtie2_sort.bam.AD",4
"BAO_293_S8_R1_001_cutadapt_bowtie2_sort.bam.AD",3
"BAO_294_S14_R1_001_cutadapt_bowtie2_sorted.bam.AD",4
"BAO_295_S20_R1_001_cutadapt_bowtie2_sort.bam.AD",5
"BAO_296_S26_R1_001_cutadapt_bowtie2_sort.bam.AD",4
"BAO_297_S32_R1_001_cutadapt_bowtie2_sort.bam.AD",4
"BAO_298_S38_R1_001_cutadapt_bowtie2_sort.bam.AD",5
"BAO_299_S44_R1_001_cutadapt_bowtie2_sort.bam.AD",3
"BAO_300_S3_R1_001_cutadapt_bowtie2_sort.bam.AD",4
"BAO_301_S9_R1_001_cutadapt_bowtie2_sort.bam.AD",4
"BAO_302_S15_R1_001_cutadapt_bowtie2_sort.bam.AD",3
"BAO_303_S21_R1_001_cutadapt_bowtie2_sort.bam.AD",4
"BAO_304_S27_R1_001_cutadapt_bowtie2_sort.bam.AD",4
"BAO_305_S33_R1_001_cutadapt_bowtie2_sort.bam.AD",5
"BAO_306_S39_R1_001_cutadapt_bowtie2_sort.bam.AD",4
"BAO_307_S45_R1_001_cutadapt_bowtie2_sort.bam.AD",4
"BAO_308_S4_R1_001_cutadapt_bowtie2_sort.bam.AD",3
"BAO_309_S10_R1_001_cutadapt_bowtie2_sort.bam.AD",3
"BAO_310_S16_R1_001_cutadapt_bowtie2_sort.bam.AD",3
"BAO_311_S22_R1_001_cutadapt_bowtie2_sort.bam.AD",3
"BAO_312_S28_R1_001_cutadapt_bowtie2_sort.bam.AD",4
"BAO_313_S34_R1_001_cutadapt_bowtie2_sort.bam.AD",4
"BAO_314_S40_R1_001_cutadapt_bowtie2_sort.bam.AD",4
"BAO_315_S46_R1_001_cutadapt_bowtie2_sorted.bam.AD",4
"BAO_316_S5_R1_001_cutadapt_bowtie2_sort.bam.AD",3
"BAO_317_S11_R1_001_cutadapt_bowtie2_sort.bam.AD",5
"BAO_318_S17_R1_001_cutadapt_bowtie2_sort.bam.AD",4
"BAO_319_S23_R1_001_cutadapt_bowtie2_sort.bam.AD",4
"BAO_320_S29_R1_001_cutadapt_bowtie2_sort.bam.AD",4
"BAO_321_S35_R1_001_cutadapt_bowtie2_sort.bam.AD",4
"BAO_322_S41_R1_001_cutadapt_bowtie2_sort.bam.AD",5
"BAO_323_S47_R1_001_cutadapt_bowtie2_sort.bam.AD",4
"BAO_324_S6_R1_001_cutadapt_bowtie2_sort.bam.AD",5
"BAO_325_S12_R1_001_cutadapt_bowtie2_sort.bam.AD",4
"BAO_326_S18_R1_001_cutadapt_bowtie2_sort.bam.AD",4
"BAO_327_S24_R1_001_cutadapt_bowtie2_sort.bam.AD",4
"BAO_328_S30_R1_001_cutadapt_bowtie2_sort.bam.AD",3
"BAO_329_S36_R1_001_cutadapt_bowtie2_sort.bam.AD",5
"BAO_330_S42_R1_001_cutadapt_bowtie2_sort.bam.AD",4
"BAO_331_S48_R1_001_cutadapt_bowtie2_sort.bam.AD",5
"BAO_332_S49_R1_001_cutadapt_bowtie2_sort.bam.AD",4
"BAO_333_S55_R1_001_cutadapt_bowtie2_sort.bam.AD",4
"BAO_334_S61_R1_001_cutadapt_bowtie2_sort.bam.AD",4
"BAO_335_S66_R1_001_cutadapt_bowtie2_sort.bam.AD",4
"BAO_336_S72_R1_001_cutadapt_bowtie2_sort.bam.AD",5
"BAO_337_S78_R1_001_cutadapt_bowtie2_sort.bam.AD",4
"BAO_338_S83_R1_001_cutadapt_bowtie2_sort.bam.AD",4
"BAO_339_S89_R1_001_cutadapt_bowtie2_sort.bam.AD",5
"BAO_340_S50_R1_001_cutadapt_bowtie2_sort.bam.AD",5
"BAO_341_S56_R1_001_cutadapt_bowtie2_sort.bam.AD",3
"BAO_342_S62_R1_001_cutadapt_bowtie2_sort.bam.AD",5
"BAO_343_S67_R1_001_cutadapt_bowtie2_sort.bam.AD",3
"BAO_344_S73_R1_001_cutadapt_bowtie2_sort.bam.AD",4
"BAO_345_S79_R1_001_cutadapt_bowtie2_sort.bam.AD",6
"BAO_346_S84_R1_001_cutadapt_bowtie2_sort.bam.AD",4
"BAO_347_S90_R1_001_cutadapt_bowtie2_sort.bam.AD",4
"BAO_348_S51_R1_001_cutadapt_bowtie2_sort.bam.AD",3
"BAO_349_S57_R1_001_cutadapt_bowtie2_sort.bam.AD",4
"BAO_350_S63_R1_001_cutadapt_bowtie2_sort.bam.AD",4
"BAO_351_S68_R1_001_cutadapt_bowtie2_sorted.bam.AD",4
"BAO_352_S74_R1_001_cutadapt_bowtie2_sort.bam.AD",4
"BAO_353_S80_R1_001_cutadapt_bowtie2_sorted.bam.AD",3
"BARBARA_S29_R1_001_cutadapt_bowtie2_sort.bam.AD",4
"GS_223_S2_R1_001_cutadapt_bowtie2_sort.bam.AD",3
"GS_22_S44_R1_001_cutadapt_bowtie2_sort.bam.AD",3
"GS_23_S3_R1_001_cutadapt_bowtie2_sort.bam.AD",4
"GS_2_S32_R1_001_cutadapt_bowtie2_sort.bam.AD",5
"GS_395_S9_R1_001_cutadapt_bowtie2_sort.bam.AD",1
"GS_5_S38_R1_001_cutadapt_bowtie2_sort.bam.AD",5
"KBLV_56.01_S85_R1_001_cutadapt_bowtie2_sorted.bam.AD",4
"KBLV_56.06_S91_R1_001_cutadapt_bowtie2_sorted.bam.AD",4
"KBLV_56.25_S52_R1_001_cutadapt_bowtie2_sorted.bam.AD",4
"KBLV_56.26_S58_R1_001_cutadapt_bowtie2_sorted.bam.AD",3
"KBLV_56.27_S64_R1_001_cutadapt_bowtie2_sorted.bam.AD",4
"KBLV_56.28_S69_R1_001_cutadapt_bowtie2_sorted.bam.AD",4
"KBLV_56.29_S75_R1_001_cutadapt_bowtie2_sorted.bam.AD",3
"KBLV_56.30_S81_R1_001_cutadapt_bowtie2_sorted.bam.AD",4
"KBLV_56.31_S86_R1_001_cutadapt_bowtie2_sorted.bam.AD",4
"KBLV_56.32_S92_R1_001_cutadapt_bowtie2_sorted.bam.AD",3
"KBLV_56.33_S53_R1_001_cutadapt_bowtie2_sorted.bam.AD",4
"KBLV_56.36_S59_R1_001_cutadapt_bowtie2_sorted.bam.AD",4
"KBLV_56.37_S65_R1_001_cutadapt_bowtie2_sorted.bam.AD",5
"KBLV_56.38_S70_R1_001_cutadapt_bowtie2_sorted.bam.AD",3
"KBLV_56.39_S76_R1_001_cutadapt_bowtie2_sorted.bam.AD",3
"KBLV_56.40_S82_R1_001_cutadapt_bowtie2_sorted.bam.AD",5
"KBLV_56.41_S87_R1_001_cutadapt_bowtie2_sorted.bam.AD",5
"KBLV_56.42_S93_R1_001_cutadapt_bowtie2_sorted.bam.AD",2
"KBLV_56.43_S54_R1_001_cutadapt_bowtie2_sorted.bam.AD",5
"KBLV_56.44_S60_R1_001_cutadapt_bowtie2_sorted.bam.AD",4
"PI245792_S11_R1_001_cutadapt_bowtie2_sort.bam.AD",4
"PI245800_S20_R1_001_cutadapt_bowtie2_sort.bam.AD",3
"PI407411_S3_R1_001_cutadapt_bowtie2_sort.bam.AD",4
"PI511845_S38_R1_001_cutadapt_bowtie2_sort.bam.AD",4
"PI511856_S41_R1_001_cutadapt_bowtie2_sort.bam.AD",4
"PI527980_S17_R1_001_cutadapt_bowtie2_sort.bam.AD",4
"PI537035_S39_R1_001_cutadapt_bowtie2_sort.bam.AD",4
"PI587048_S15_R1_001_cutadapt_bowtie2_sort.bam.AD",5
"PI587063_S2_R1_001_cutadapt_bowtie2_sort.bam.AD",4
"PI587064_S32_R1_001_cutadapt_bowtie2_sort.bam.AD",4
"PI587067_S47_R1_001_cutadapt_bowtie2_sort.bam.AD",4
"PI595438_S35_R1_001_cutadapt_bowtie2_sort.bam.AD",4
"PI595441_S10_R1_001_cutadapt_bowtie2_sort.bam.AD",3
"PI607491_S14_R1_001_cutadapt_bowtie2_sort.bam.AD",4
"PI607502_S13_R1_001_cutadapt_bowtie2_sort.bam.AD",4
"PI619137_S37_R1_001_cutadapt_bowtie2_sort.bam.AD",4
"PI619141_S7_R1_001_cutadapt_bowtie2_sort.bam.AD",3
"PI619142_S31_R1_001_cutadapt_bowtie2_sort.bam.AD",4
"PI633601_S12_R1_001_cutadapt_bowtie2_sort.bam.AD",5
"PI633602_S18_R1_001_cutadapt_bowtie2_sort.bam.AD",3
"PI633604_S24_R1_001_cutadapt_bowtie2_sort.bam.AD",3
"PI633605_S30_R1_001_cutadapt_bowtie2_sort.bam.AD",4
"PI634531_S9_R1_001_cutadapt_bowtie2_sort.bam.AD",4
"PI642181_S36_R1_001_cutadapt_bowtie2_sort.bam.AD",4
"PI642182_S42_R1_001_cutadapt_bowtie2_sort.bam.AD",4
"PI642183_S48_R1_001_cutadapt_bowtie2_sort.bam.AD",4
"PI645563_S23_R1_001_cutadapt_bowtie2_sort.bam.AD",4
"PI653761_S45_R1_001_cutadapt_bowtie2_sort.bam.AD",4
"PI654354_S21_R1_001_cutadapt_bowtie2_sort.bam.AD",4
"PI658587_S33_R1_001_cutadapt_bowtie2_sort.bam.AD",4
"PI660357_S4_R1_001_cutadapt_bowtie2_sort.bam.AD",3
"PI660358_S27_R1_001_cutadapt_bowtie2_sort.bam.AD",4
"PI660359_S26_R1_001_cutadapt_bowtie2_sort.bam.AD",3
"PI_131750_S54_R1_001_cutadapt_bowtie2_sort.bam.AD",3
"PI_182477_S12_R1_001_cutadapt_bowtie2_sort.bam.AD",5
"PI_182550_S19_R1_001_cutadapt_bowtie2_sort.bam.AD",3
"PI_182554_S10_R1_001_cutadapt_bowtie2_sort.bam.AD",3
"PI_199102_S24_R1_001_cutadapt_bowtie2_sort.bam.AD",4
"PI_199285_S80_R1_001_cutadapt_bowtie2_sort.bam.AD",5
"PI_200115_S61_R1_001_cutadapt_bowtie2_sort.bam.AD",4
"PI_200117_S10_R1_001_cutadapt_bowtie2_sort.bam.AD",4
"PI_201406_S37_R1_001_cutadapt_bowtie2_sort.bam.AD",4
"PI_201407_S43_R1_001_cutadapt_bowtie2_sort.bam.AD",4
"PI_201777_S73_R1_001_cutadapt_bowtie2_sort.bam.AD",4
"PI_215618_S20_R1_001_cutadapt_bowtie2_sort.bam.AD",3
"PI_215620_S14_R1_001_cutadapt_bowtie2_sort.bam.AD",5
"PI_215621_S2_R1_001_cutadapt_bowtie2_sort.bam.AD",4
"PI_215623_S8_R1_001_cutadapt_bowtie2_sort.bam.AD",4
"PI_217560_S66_R1_001_cutadapt_bowtie2_sort.bam.AD",4
"PI_223726_S55_R1_001_cutadapt_bowtie2_sort.bam.AD",4
"PI_223730_S67_R1_001_cutadapt_bowtie2_sort.bam.AD",4
"PI_237739_S28_R1_001_cutadapt_bowtie2_sort.bam.AD",3
"PI_237741_S76_R1_001_cutadapt_bowtie2_sort.bam.AD",4
"PI_238084_S62_R1_001_cutadapt_bowtie2_sort.bam.AD",4
"PI_239413_S34_R1_001_cutadapt_bowtie2_sort.bam.AD",4
"PI_239567_S9_R1_001_cutadapt_bowtie2_sort.bam.AD",4
"PI_249611_S6_R1_001_cutadapt_bowtie2_sort.bam.AD",4
"PI_256977_S69_R1_001_cutadapt_bowtie2_sort.bam.AD",5
"PI_270542_S30_R1_001_cutadapt_bowtie2_sort.bam.AD",4
"PI_285264_S12_R1_001_cutadapt_bowtie2_sort.bam.AD",5
"PI_303146_S25_R1_001_cutadapt_bowtie2_sort.bam.AD",3
"PI_303149_S31_R1_001_cutadapt_bowtie2_sort.bam.AD",3
"PI_303150_S26_R1_001_cutadapt_bowtie2_sort.bam.AD",5
"PI_310467_S22_R1_001_cutadapt_bowtie2_sort.bam.AD",4
"PI_319198_S77_R1_001_cutadapt_bowtie2_sort.bam.AD",4
"PI_319425_S12_R1_001_cutadapt_bowtie2_sort.bam.AD",5
"PI_319426_S48_R1_001_cutadapt_bowtie2_sort.bam.AD",4
"PI_319433_S56_R1_001_cutadapt_bowtie2_sort.bam.AD",4
"PI_319848_S14_R1_001_cutadapt_bowtie2_sort.bam.AD",4
"PI_321620_S38_R1_001_cutadapt_bowtie2_sort.bam.AD",4
"PI_321621_S18_R1_001_cutadapt_bowtie2_sort.bam.AD",4
"PI_321622_S24_R1_001_cutadapt_bowtie2_sort.bam.AD",4
"PI_326021_S84_R1_001_cutadapt_bowtie2_sort.bam.AD",3
"PI_344117_S88_R1_001_cutadapt_bowtie2_sort.bam.AD",5
"PI_349761_S84_R1_001_cutadapt_bowtie2_sort.bam.AD",4
"PI_349776_S90_R1_001_cutadapt_bowtie2_sort.bam.AD",4
"PI_349782_S26_R1_001_cutadapt_bowtie2_sort.bam.AD",4
"PI_351052_S8_R1_001_cutadapt_bowtie2_sort.bam.AD",4
"PI_362717_S16_R1_001_cutadapt_bowtie2_sort.bam.AD",4
"PI_362729_S35_R1_001_cutadapt_bowtie2_sort.bam.AD",4
"PI_362730_S20_R1_001_cutadapt_bowtie2_sort.bam.AD",5
"PI_362738_S89_R1_001_cutadapt_bowtie2_sort.bam.AD",4
"PI_362741_S42_R1_001_cutadapt_bowtie2_sort.bam.AD",4
"PI_362742_S52_R1_001_cutadapt_bowtie2_sort.bam.AD",5
"PI_362744_S35_R1_001_cutadapt_bowtie2_sort.bam.AD",4
"PI_372878_S36_R1_001_cutadapt_bowtie2_sort.bam.AD",3
"PI_377745_S18_R1_001_cutadapt_bowtie2_sort.bam.AD",3
"PI_379596_S11_R1_001_cutadapt_bowtie2_sort.bam.AD",3
"PI_379605_S58_R1_001_cutadapt_bowtie2_sort.bam.AD",4
"PI_407410_S95_R1_001_cutadapt_bowtie2_sort.bam.AD",4
"PI_407412_S86_R1_001_cutadapt_bowtie2_sort.bam.AD",5
"PI_407416_S4_R1_001_cutadapt_bowtie2_sort.bam.AD",4
"PI_407417_S40_R1_001_cutadapt_bowtie2_sort.bam.AD",4
"PI_407419_S57_R1_001_cutadapt_bowtie2_sort.bam.AD",3
"PI_407420_S94_R1_001_cutadapt_bowtie2_sort.bam.AD",5
"PI_407421_S32_R1_001_cutadapt_bowtie2_sort.bam.AD",5
"PI_407425_S39_R1_001_cutadapt_bowtie2_sort.bam.AD",4
"PI_423632_S29_R1_001_cutadapt_bowtie2_sort.bam.AD",4
"PI_423647_S32_R1_001_cutadapt_bowtie2_sort.bam.AD",3
"PI_423648_S3_R1_001_cutadapt_bowtie2_sort.bam.AD",4
"PI_423649_S6_R1_001_cutadapt_bowtie2_sort.bam.AD",3
"PI_423661_S63_R1_001_cutadapt_bowtie2_sort.bam.AD",4
"PI_423662_S2_R1_001_cutadapt_bowtie2_sort.bam.AD",3
"PI_423669_S47_R1_001_cutadapt_bowtie2_sort.bam.AD",3
"PI_423670_S15_R1_001_cutadapt_bowtie2_sort.bam.AD",5
"PI_451705_S65_R1_001_cutadapt_bowtie2_sort.bam.AD",3
"PI_451706_S5_R1_001_cutadapt_bowtie2_sort.bam.AD",3
"PI_451707_S78_R1_001_cutadapt_bowtie2_sort.bam.AD",5
"PI_451708_S28_R1_001_cutadapt_bowtie2_sort.bam.AD",4
"PI_451709_S13_R1_001_cutadapt_bowtie2_sort.bam.AD",3
"PI_462333_S41_R1_001_cutadapt_bowtie2_sort.bam.AD",4
"PI_475775_S3_R1_001_cutadapt_bowtie2_sort.bam.AD",4
"PI_475776_S72_R1_001_cutadapt_bowtie2_sort.bam.AD",4
"PI_475781_S53_R1_001_cutadapt_bowtie2_sort.bam.AD",4
"PI_491542_S75_R1_001_cutadapt_bowtie2_sort.bam.AD",4
"PI_515921_S78_R1_001_cutadapt_bowtie2_sort.bam.AD",4
"PI_518592_S7_R1_001_cutadapt_bowtie2_sort.bam.AD",4
"PI_527879_S58_R1_001_cutadapt_bowtie2_sort.bam.AD",3
"PI_527881_S65_R1_001_cutadapt_bowtie2_sort.bam.AD",4
"PI_527882_S71_R1_001_cutadapt_bowtie2_sort.bam.AD",4
"PI_527893_S64_R1_001_cutadapt_bowtie2_sort.bam.AD",4
"PI_527897_S52_R1_001_cutadapt_bowtie2_sort.bam.AD",3
"PI_527906_S94_R1_001_cutadapt_bowtie2_sort.bam.AD",4
"PI_527922_S70_R1_001_cutadapt_bowtie2_sort.bam.AD",4
"PI_527923_S53_R1_001_cutadapt_bowtie2_sort.bam.AD",4
"PI_527925_S88_R1_001_cutadapt_bowtie2_sort.bam.AD",4
"PI_527926_S60_R1_001_cutadapt_bowtie2_sort.bam.AD",3
"PI_527927_S77_R1_001_cutadapt_bowtie2_sort.bam.AD",5
"PI_527928_S83_R1_001_cutadapt_bowtie2_sort.bam.AD",3
"PI_527929_S95_R1_001_cutadapt_bowtie2_sort.bam.AD",4
"PI_527977_S82_R1_001_cutadapt_bowtie2_sort.bam.AD",5
"PI_527978_S76_R1_001_cutadapt_bowtie2_sort.bam.AD",4
"PI_527979_S89_R1_001_cutadapt_bowtie2_sort.bam.AD",4
"PI_537040_S47_R1_001_cutadapt_bowtie2_sort.bam.AD",4
"PI_537045_S87_R1_001_cutadapt_bowtie2_sort.bam.AD",4
"PI_584993_S33_R1_001_cutadapt_bowtie2_sort.bam.AD",4
"PI_587046_S24_R1_001_cutadapt_bowtie2_sort.bam.AD",5
"PI_587049_S41_R1_001_cutadapt_bowtie2_sort.bam.AD",6
"PI_587050_S23_R1_001_cutadapt_bowtie2_sort.bam.AD",4
"PI_587051_S42_R1_001_cutadapt_bowtie2_sort.bam.AD",4
"PI_587052_S25_R1_001_cutadapt_bowtie2_sort.bam.AD",3
"PI_587053_S29_R1_001_cutadapt_bowtie2_sort.bam.AD",3
"PI_587054_S22_R1_001_cutadapt_bowtie2_sort.bam.AD",4
"PI_587065_S4_R1_001_cutadapt_bowtie2_sort.bam.AD",4
"PI_587068_S30_R1_001_cutadapt_bowtie2_sort.bam.AD",4
"PI_587069_S10_R1_001_cutadapt_bowtie2_sort.bam.AD",4
"PI_587072_S18_R1_001_cutadapt_bowtie2_sort.bam.AD",2
"PI_587073_S6_R1_001_cutadapt_bowtie2_sort.bam.AD",4
"PI_587077_S71_R1_001_cutadapt_bowtie2_sort.bam.AD",4
"PI_587084_S81_R1_001_cutadapt_bowtie2_sort.bam.AD",3
"PI_595403_S40_R1_001_cutadapt_bowtie2_sort.bam.AD",5
"PI_595405_S82_R1_001_cutadapt_bowtie2_sort.bam.AD",4
"PI_595406_S46_R1_001_cutadapt_bowtie2_sort.bam.AD",4
"PI_595415_S87_R1_001_cutadapt_bowtie2_sort.bam.AD",4
"PI_595420_S19_R1_001_cutadapt_bowtie2_sort.bam.AD",3
"PI_595424_S93_R1_001_cutadapt_bowtie2_sort.bam.AD",4
"PI_595425_S1_R1_001_cutadapt_bowtie2_sort.bam.AD",3
"PI_595444_S17_R1_001_cutadapt_bowtie2_sort.bam.AD",4
"PI_595492_S40_R1_001_cutadapt_bowtie2_sort.bam.AD",4
"PI_597779_S51_R1_001_cutadapt_bowtie2_sort.bam.AD",4
"PI_597782_S74_R1_001_cutadapt_bowtie2_sort.bam.AD",4
"PI_599259_S34_R1_001.fastq_cutadapt_bowtie2_bowtie2_sort_marked.bam.AD",4
"PI_599279_S42_R1_001_cutadapt_bowtie2_sort.bam.AD",5
"PI_599280_S48_R1_001_cutadapt_bowtie2.bam.AD",5
"PI_599282_S6_R1_001_cutadapt_bowtie2_bowtie2_sort_marked.bam.AD",3
"PI_599286_S47_R1_001.fastq_cutadapt_bowtie2_bowtie2_sort_marked.bam.AD",3
"PI_604206_S39_R1_001_cutadapt_bowtie2_bowtie2_sort_marked.bam.AD",2
"PI_604207_S33_R1_001_cutadapt_bowtie2_bowtie2_sort_marked.bam.AD",3
"PI_604208_S16_R1_001_cutadapt_bowtie2_bowtie2_sort_marked.bam.AD",2
"PI_604211_S37_R1_001_cutadapt_bowtie2_sort.bam.AD",4
"PI_607472_S28_R1_001_cutadapt_bowtie2_sort.bam.AD",3
"PI_607475_S45_R1_001_cutadapt_bowtie2_sort.bam.AD",3
"PI_607480_S21_R1_001_cutadapt_bowtie2_sort.bam.AD",4
"PI_607482_S27_R1_001_cutadapt_bowtie2_sort.bam.AD",4
"PI_607483_S39_R1_001_cutadapt_bowtie2_sort.bam.AD",4
"PI_607494_S23_R1_001_cutadapt_bowtie2_sort.bam.AD",3
"PI_607495_S29_R1_001_cutadapt_bowtie2_sort.bam.AD",4
"PI_607497_S22_R1_001_cutadapt_bowtie2_sort.bam.AD",4
"PI_607498_S17_R1_001_cutadapt_bowtie2_sort.bam.AD",4
"PI_611072_S91_R1_001_cutadapt_bowtie2_sort.bam.AD",4
"PI_611074_S15_R1_001_cutadapt_bowtie2_sort.bam.AD",3
"PI_611078_S85_R1_001_cutadapt_bowtie2_sort.bam.AD",4
"PI_611088_S8_R1_001_cutadapt_bowtie2_sort.bam.AD",2
"PI_611096_S27_R1_001_cutadapt_bowtie2.bam.AD",3
"PI_611098_S4_R1_001_cutadapt_bowtie2.bam_sort.AD",4
"PI_611108_S9_R1_001_cutadapt_bowtie2_sort.bam.AD",3
"PI_619135_S24_R1_001_cutadapt_bowtie2_sort.bam.AD",5
"PI_619136_S68_R1_001_cutadapt_bowtie2_sort.bam.AD",3
"PI_619139_S36_R1_001_cutadapt_bowtie2_sort.bam.AD",3
"PI_619140_S30_R1_001_cutadapt_bowtie2_sort.bam.AD",4
"PI_619144_S21_R1_001_cutadapt_bowtie2_sort.bam.AD",5
"PI_619145_S45_R1_001_cutadapt_bowtie2_sort.bam.AD",4
"PI_619146_S46_R1_001_cutadapt_bowtie2_sort.bam.AD",4
"PI_619148_S10_R1_001_cutadapt_bowtie2_sort.bam.AD",4
"PI_619149_S12_R1_001_cutadapt_bowtie2_sort.bam.AD",2
"PI_619150_S18_R1_001_cutadapt_bowtie2.bam_sort.AD",4
"PI_619151_S66_R1_001_cutadapt_bowtie2_sort.bam.AD",5
"PI_619152_S28_R1_001_cutadapt_bowtie2_sort.bam.AD",4
"PI_619154_S30_R1_001_cutadapt_bowtie2_bowtie2_sort.bam.AD",3
"PI_619155_S67_R1_001_cutadapt_bowtie2_sort.bam.AD",3
"PI_619156_S34_R1_001_cutadapt_bowtie2_sort.bam.AD",4
"PI_619157_S36_R1_001_cutadapt_bowtie2_bowtie2_sort.bam.AD",4
"PI_619158_S40_R1_001_cutadapt_bowtie2_sort.bam.AD",5
"PI_629019_S34_R1_001_cutadapt_bowtie2_sort.bam.AD",3
"PI_629020_S19_R1_001_cutadapt_bowtie2_sort.bam.AD",4
"PI_629023_S13_R1_001_cutadapt_bowtie2_sort.bam.AD",4
"PI_630949_S42_R1_001_cutadapt_bowtie2_sort.bam.AD",5
"PI_630951_S61_R1_001_cutadapt_bowtie2_sort.bam.AD",5
"PI_630952_S50_R1_001_cutadapt_bowtie2_sort.bam.AD",5
"PI_630953_S48_R1_001_cutadapt_bowtie2_sort.bam.AD",4
"PI_631416_S31_R1_001_cutadapt_bowtie2_sort.bam.AD",4
"PI_631417_S7_R1_001_cutadapt_bowtie2_sort.bam.AD",5
"PI_631418_S1_R1_001_cutadapt_bowtie2_sort.bam.AD",4
"PI_631419_S68_R1_001_cutadapt_bowtie2_sort.bam.AD",4
"PI_633598_S37_R1_001_cutadapt_bowtie2_sort.bam.AD",6
"PI_633600_S2_R1_001_cutadapt_bowtie2_sort.bam.AD",4
"PI_633603_S8_R1_001_cutadapt_bowtie2_bowtie2_sort_marked.bam.AD",3
"PI_633606_S14_R1_001_cutadapt_bowtie2_sort.bam.AD",3
"PI_634530_S11_R1_001_cutadapt_bowtie2_sort.bam.AD",4
"PI_634532_S27_R1_001_cutadapt_bowtie2_sort.bam.AD",4
"PI_634533_S33_R1_001_cutadapt_bowtie2_sort.bam.AD",3
"PI_634534_S17_R1_001_cutadapt_bowtie2_sort.bam.AD",3
"PI_634776_S20_R1_001_cutadapt_bowtie2_sort.bam.AD",4
"PI_634777_S26_R1_001_cutadapt_bowtie2_sort.bam.AD",4
"PI_634778_S32_R1_001_cutadapt_bowtie2_sort.bam.AD",4
"PI_634780_S38_R1_001_cutadapt_bowtie2_sort.bam.AD",3
"PI_634781_S44_R1_001_cutadapt_bowtie2_bowtie2_sort_marked.bam.AD",4
"PI_635116_S4_R1_001_cutadapt_bowtie2_sort.bam.AD",4
"PI_639204_S73_R1_001_cutadapt_bowtie2_sort.bam.AD",4
"PI_642184_S1_R1_001_cutadapt_bowtie2_sort.bam.AD",5
"PI_642185_S7_R1_001_cutadapt_bowtie2_sort.bam.AD",4
"PI_642186_S13_R1_001_cutadapt_bowtie2_sort.bam.AD",4
"PI_642187_S19_R1_001_cutadapt_bowtie2_sort.bam.AD",4
"PI_642188_S25_R1_001_cutadapt_bowtie2_sort.bam.AD",5
"PI_642189_S31_R1_001_cutadapt_bowtie2_sort.bam.AD",3
"PI_642429_S9_R1_001_cutadapt_bowtie2_sort.bam.AD",4
"PI_642430_S15_R1_001_cutadapt_bowtie2_sort.bam.AD",3
"PI_642438_S37_R1_001_cutadapt_bowtie2_sort.bam.AD",3
"PI_642439_S21_R1_001_cutadapt_bowtie2_sort.bam.AD",4
"PI_642440_S43_R1_001_cutadapt_bowtie2_sort.bam.AD",5
"PI_642441_S2_R1_001_cutadapt_bowtie2_sort.bam.AD",3
"PI_642442_S27_R1_001_cutadapt_bowtie2_sort.bam.AD",5
"PI_642443_S8_R1_001_cutadapt_bowtie2_sort.bam.AD",5
"PI_642444_S14_R1_001_cutadapt_bowtie2_sort.bam.AD",4
"PI_642446_S20_R1_001_cutadapt_bowtie2_sort.bam.AD",4
"PI_653760_S81_R1_001_cutadapt_bowtie2_sort.bam.AD",4
"PI_653830_S33_R1_001_cutadapt_bowtie2_sort.bam.AD",4
"PI_654350_S3_R1_001_cutadapt_bowtie2_sort.bam.AD",4
"PI_657132_S39_R1_001_cutadapt_bowtie2_sort.bam.AD",4
"PI_657133_S45_R1_001_cutadapt_bowtie2_sort.bam.AD",5
"PI_657134_S26_R1_001_cutadapt_bowtie2_sort.bam.AD",5
"PI_657135_S4_R1_001_cutadapt_bowtie2_sort.bam.AD",4
"PI_657136_S10_R1_001_cutadapt_bowtie2_sort.bam.AD",3
"PI_657137_S16_R1_001_cutadapt_bowtie2_sort.bam.AD",5
"PI_657138_S22_R1_001_cutadapt_bowtie2_sort.bam.AD",3
"PI_657139_S28_R1_001_cutadapt_bowtie2_sort.bam.AD",3
"PI_657140_S34_R1_001_cutadapt_bowtie2_sort.bam.AD",3
"PI_657141_S40_R1_001_cutadapt_bowtie2_sort.bam.AD",3
"PI_657142_S5_R1_001_cutadapt_bowtie2_sort.bam.AD",3
"PI_657143_S11_R1_001_cutadapt_bowtie2_sort.bam.AD",4
"PI_657144_S17_R1_001_cutadapt_bowtie2_sort.bam.AD",5
"PI_657145_S23_R1_001_cutadapt_bowtie2_sort.bam.AD",4
"PI_657146_S29_R1_001_cutadapt_bowtie2_sort.bam.AD",3
"PI_657147_S35_R1_001_cutadapt_bowtie2_sort.bam.AD",5
"PI_658588_S79_R1_001_cutadapt_bowtie2_sort.bam.AD",3
"PI_658589_S83_R1_001_cutadapt_bowtie2_sort.bam.AD",3
"PI_661981_S47_R1_001_cutadapt_bowtie2_sort.bam.AD",4
"PI_661982_S32_R1_001_cutadapt_bowtie2_sort.bam.AD",4
"PI_661983_S38_R1_001_cutadapt_bowtie2_sort.bam.AD",4
"PI_661984_S6_R1_001_cutadapt_bowtie2_sort.bam.AD",4
"PI_661985_S44_R1_001_cutadapt_bowtie2_sort.bam.AD",4
"PI_661986_S12_R1_001_cutadapt_bowtie2_sort.bam.AD",2
"PI_661987_S18_R1_001_cutadapt_bowtie2_sort.bam.AD",4
"PI_661988_S24_R1_001_cutadapt_bowtie2_sort.bam.AD",4
"PI_661989_S30_R1_001_cutadapt_bowtie2_sort.bam.AD",4
"PI_661990_S36_R1_001_cutadapt_bowtie2_sort.bam.AD",5
"PI_662322_S72_R1_001_cutadapt_bowtie2_sort.bam.AD",3
"PI_662323_S48_R1_001_cutadapt_bowtie2_sort.bam.AD",5
"PI_662324_S3_R1_001_cutadapt_bowtie2_sort.bam.AD",5
"PI_662325_S42_R1_001_cutadapt_bowtie2_sort.bam.AD",3
"PI_664473_S7_R1_001_cutadapt_bowtie2_sort.bam.AD",4
"PI_664474_S15_R1_001_cutadapt_bowtie2_sort.bam.AD",4
"PI_664475_S21_R1_001_cutadapt_bowtie2_sort.bam.AD",5
"PI_664476_S27_R1_001_cutadapt_bowtie2_sort.bam.AD",5
"PI_664477_S33_R1_001_cutadapt_bowtie2_sort.bam.AD",4
"PI_665406_S1_R1_001_cutadapt_bowtie2_sort.bam.AD",4
"PI_665407_S9_R1_001_cutadapt_bowtie2_sort.bam.AD",4
"PI_666142_S41_R1_001_cutadapt_bowtie2_sort.bam.AD",4
"PI_666963_S16_R1_001_cutadapt_bowtie2_sort.bam.AD",4
"PI_666964_S20_R1_001_cutadapt_bowtie2_sort.bam.AD",4
"PI_669829_S39_R1_001_cutadapt_bowtie2_sort.bam.AD",3
"PI_672073_S21_R1_001_cutadapt_bowtie2_sort.bam.AD",4
"PI_673449_S60_R1_001_cutadapt_bowtie2_sort.bam.AD",4
"PI_673450_S44_R1_001_cutadapt_bowtie2_sort.bam.AD",3
"Tetraploid_Control_1_S19_R1_001_cutadapt_bowtie2_sort.bam.AD",4
"Tetraploid_Control_2_S71_R1_001_cutadapt_bowtie2_sort.bam.AD",5
"Tetraploid_Control_2_S72_R1_001_cutadapt_bowtie2_sort.bam.AD",3
"Tetraploid_Control_2_S78_R1_001_cutadapt_bowtie2_sort.bam.AD",4
"Tetraploid_Control_425_Pool_002_S90_R1_001_cutadapt_bowtie2_sort.bam.AD",4
"Tetraploid_Control_426_Pool_001_S13_R1_001_cutadapt_bowtie2_sort.bam.AD",4
"Tetraploid_Control_426_Pool_001_S19_R1_001_cutadapt_bowtie2_sort.bam.AD",4
"Tetraploid_Control_426_pool_002_S54_R1_001_cutadapt_bowtie2_sort.bam.AD",4
"Tetraploid_Control_S35_R1_001_cutadapt_bowtie2_sort.bam.AD",4
"Tetraploid_Control_S41_R1_001_cutadapt_bowtie2_sort.bam.AD",4
